﻿{
    "Smith": {
        "efternamn": "Smith",
        "förnamn": "John",
        "användarnamn": "ht28smijo"
    },
    "Johnson": {
        "efternamn": "Johnson",
        "förnamn": "Emily",
        "användarnamn": "ht28joemi"
    },
    "Brown": {
        "efternamn": "Brown",
        "förnamn": "Michael",
        "användarnamn": "ht28brmic"
    },
    "Williams": {
        "efternamn": "Williams",
        "förnamn": "Sarah",
        "användarnamn": "ht28wils"
    },
    "Jones": {
        "efternamn": "Jones",
        "förnamn": "David",
        "användarnamn": "ht28jonda"
    },
    "Garcia": {
        "efternamn": "Garcia",
        "förnamn": "Olivia",
        "användarnamn": "ht28garol"
    },
    "Martinez": {
        "efternamn": "Martinez",
        "förnamn": "James",
        "användarnamn": "ht28marja"
    },
    "Robinson": {
        "efternamn": "Robinson",
        "förnamn": "Emma",
        "användarnamn": "ht28robem"
    },
    "Clark": {
        "efternamn": "Clark",
        "förnamn": "Daniel",
        "användarnamn": "ht28clada"
    },
    "Lewis": {
        "efternamn": "Lewis",
        "förnamn": "Isabella",
        "användarnamn": "ht28lewis"
    },
    "Walker": {
        "efternamn": "Walker",
        "förnamn": "Ethan",
        "användarnamn": "ht28walet"
    },
    "Hall": {
        "efternamn": "Hall",
        "förnamn": "Ava",
        "användarnamn": "ht28haal"
    },
    "Allen": {
        "efternamn": "Allen",
        "förnamn": "Liam",
        "användarnamn": "ht28allia"
    },
    "Young": {
        "efternamn": "Young",
        "förnamn": "Mia",
        "användarnamn": "ht28youmi"
    },
    "Hernandez": {
        "efternamn": "Hernandez",
        "förnamn": "Alexander",
        "användarnamn": "ht28heral"
    },
    "King": {
        "efternamn": "King",
        "förnamn": "Sophia",
        "användarnamn": "ht28kinso"
    },
    "Wright": {
        "efternamn": "Wright",
        "förnamn": "Benjamin",
        "användarnamn": "ht28wribe"
    },
    "Lopez": {
        "efternamn": "Lopez",
        "förnamn": "Charlotte",
        "användarnamn": "ht28locha"
    },
    "Hill": {
        "efternamn": "Hill",
        "förnamn": "Mason",
        "användarnamn": "ht28hilla"
    },
    "Scott": {
        "efternamn": "Scott",
        "förnamn": "Amelia",
        "användarnamn": "ht28scott"
    },
    "Green": {
        "efternamn": "Green",
        "förnamn": "Jacob",
        "användarnamn": "ht28greja"
    },
    "Adams": {
        "efternamn": "Adams",
        "förnamn": "Harper",
        "användarnamn": "ht28adha"
    },
    "Baker": {
        "efternamn": "Baker",
        "förnamn": "Lucas",
        "användarnamn": "ht28baluc"
    },
    "Gonzalez": {
        "efternamn": "Gonzalez",
        "förnamn": "Evelyn",
        "användarnamn": "ht28gozel"
    },
    "Nelson": {
        "efternamn": "Nelson",
        "förnamn": "Henry",
        "användarnamn": "ht28nelhe"
    },
    "Carter": {
        "efternamn": "Carter",
        "förnamn": "Abigail",
        "användarnamn": "ht28carab"
    },
    "Mitchell": {
        "efternamn": "Mitchell",
        "förnamn": "Logan",
        "användarnamn": "ht28mitlo"
    },
    "Perez": {
        "efternamn": "Perez",
        "förnamn": "Aria",
        "användarnamn": "ht28perar"
    },
    "Roberts": {
        "efternamn": "Roberts",
        "förnamn": "Jackson",
        "användarnamn": "ht28rober"
    },
    "Turner": {
        "efternamn": "Turner",
        "förnamn": "Chloe",
        "användarnamn": "ht28turcl"
    },
    "Phillips": {
        "efternamn": "Phillips",
        "förnamn": "Owen",
        "användarnamn": "ht28phil"
    },
    "Campbell": {
        "efternamn": "Campbell",
        "förnamn": "Ella",
        "användarnamn": "ht28camp"
    },
    "Parker": {
        "efternamn": "Parker",
        "förnamn": "Aiden",
        "användarnamn": "ht28parai"
    },
    "Evans": {
        "efternamn": "Evans",
        "förnamn": "Grace",
        "användarnamn": "ht28evagr"
    },
    "Edwards": {
        "efternamn": "Edwards",
        "förnamn": "Samuel",
        "användarnamn": "ht28edwar"
    },
    "Collins": {
        "efternamn": "Collins",
        "förnamn": "Lily",
        "användarnamn": "ht28colli"
    },
    "Stewart": {
        "efternamn": "Stewart",
        "förnamn": "Anthony",
        "användarnamn": "ht28stewa"
    },
    "Sanchez": {
        "efternamn": "Sanchez",
        "förnamn": "Nora",
        "användarnamn": "ht28sanch"
    },
    "Morris": {
        "efternamn": "Morris",
        "förnamn": "Christopher",
        "användarnamn": "ht28morch"
    },
    "Rogers": {
        "efternamn": "Rogers",
        "förnamn": "Lila",
        "användarnamn": "ht28rogl"
    },
    "Reed": {
        "efternamn": "Reed",
        "förnamn": "Nathan",
        "användarnamn": "ht28reen"
    },
    "Cook": {
        "efternamn": "Cook",
        "förnamn": "Sofia",
        "användarnamn": "ht28cosof"
    },
    "Morgan": {
        "efternamn": "Morgan",
        "förnamn": "Dylan",
        "användarnamn": "ht28morg"
    },
    "Bell": {
        "efternamn": "Bell",
        "förnamn": "Scarlett",
        "användarnamn": "ht28bells"
    },
    "Murphy": {
        "efternamn": "Murphy",
        "förnamn": "Julian",
        "användarnamn": "ht28murju"
    },
    "Bailey": {
        "efternamn": "Bailey",
        "förnamn": "Violet",
        "användarnamn": "ht28baivi"
    },
    "Rivera": {
        "efternamn": "Rivera",
        "förnamn": "Caleb",
        "användarnamn": "ht28rivec"
    },
    "Cooper": {
        "efternamn": "Cooper",
        "förnamn": "Penelope",
        "användarnamn": "ht28coope"
    },
    "Richardson": {
        "efternamn": "Richardson",
        "förnamn": "Andrew",
        "användarnamn": "ht28rich"
    },
    "Cox": {
        "efternamn": "Cox",
        "förnamn": "Audrey",
        "användarnamn": "ht28coaud"
    },
    "Howard": {
        "efternamn": "Howard",
        "förnamn": "Levi",
        "användarnamn": "ht28howle"
    },
    "Ward": {
        "efternamn": "Ward",
        "förnamn": "Zoe",
        "användarnamn": "ht28warzo"
    },
    "Torres": {
        "efternamn": "Torres",
        "förnamn": "Eli",
        "användarnamn": "ht28torel"
    },
    "Peterson": {
        "efternamn": "Peterson",
        "förnamn": "Hazel",
        "användarnamn": "ht28petha"
    },
    "Jesper": {
        "Efternamn": "Jesper",
        "Förnamn": "Sten",
        "Användarnamn": "h24ksten"
    }
}